{
    "parent": "item/generated",
    "display": {
	"gui": {
            "rotation": [ 0, 0, 45 ],
            "translation": [ 0, 0, 0],
            "scale":[ 1.2,1.2,1.2 ]
        },
	"ground": {
            "rotation": [ 0, 0, 0 ],
            "translation": [ 0, 2, 0],
            "scale":[ 0.5, 0.5, 0.25 ]
        },
        "thirdperson_righthand": {
            "rotation": [ 0, 90, 90 ],
            "translation": [ 0, 3.0, 1.0 ],
            "scale": [ 0.85, 0.85, 0.425 ]
        },
        "thirdperson_lefthand": {
            "rotation": [ 0, -90, -90 ],
            "translation": [ 0, 3.0, 1.0 ],
            "scale": [ 0.85, 0.85, 0.425 ]
        },
        "firstperson_righthand": {
            "rotation": [ 0, 90, 25 ],
            "translation": [ 1.13, 3.2, 1.13 ],
            "scale": [ 0.68, 0.68, 0.34 ]
        },
        "firstperson_lefthand": {
            "rotation": [ 0, -90, -25 ],
            "translation": [ 1.13, 3.2, 1.13 ],
            "scale": [ 0.68, 0.68, 0.34 ]
        }
    }
}
