{
    "parent": "item/handheld",
    "display": {
        "thirdperson_righthand": {
            "rotation": [ 0, 90, 55 ],
            "translation": [ 0, 5.0, 1 ],
            "scale": [ 1,1,0.5 ]
        },
        "thirdperson_lefthand": {
            "rotation": [ 0, -90, -55 ],
            "translation": [ 0, 5.0, 1 ],
            "scale": [ 1,1,0.5 ]
        },
        "firstperson_righthand": {
            "rotation": [ 0, 90, 0 ],
            "translation": [ 0, 1.6, 0.8 ],
            "scale": [ 1,1,0.5 ]
        },
        "firstperson_lefthand": {
            "rotation": [ 0, -90, -0 ],
            "translation": [ 0, 1.6, 0.8 ],
            "scale": [ 1,1,0.5 ]
        }
    }
}
