{
	"credit": "Modified from https://resource-pack.com/thor-hammer-resource-pack/ by Leckaschmecka",
	"textures": {
		"0": "block/oak_log",
		"3": "block/stone",
		"4": "item/hammer_head",
		"5": "item/hammer_ends",
		"particle": "item/hammer_head"
	},
	"elements": [
		{
			"name": "hammer_head",
			"from": [0.25, 0.5, 3],
			"to": [16.25, 10.5, 13],
			"rotation": {"angle": 0, "axis": "y", "origin": [8, 12, 8]},
			"faces": {
				"north": {"uv": [0, 3, 16, 15], "rotation": 180, "texture": "#4"},
				"east": {"uv": [0, 0, 16, 16], "rotation": 180, "texture": "#3"},
				"south": {"uv": [0, 1, 16, 12], "texture": "#4"},
				"west": {"uv": [0, 0, 16, 16], "rotation": 180, "texture": "#3"},
				"up": {"uv": [0, 1, 16, 9.75], "texture": "#4"},
				"down": {"uv": [0, 1, 16, 10], "rotation": 180, "texture": "#4"}
			}
		},
		{
			"name": "Box1",
			"from": [6.25, 17, 6.25],
			"to": [9.75, 18, 9.75],
			"rotation": {"angle": 0, "axis": "y", "origin": [8, 12, 8]},
			"faces": {
				"north": {"uv": [2, 13, 8, 14], "rotation": 180, "texture": "#4"},
				"east": {"uv": [7, 13, 12.5, 14], "rotation": 180, "texture": "#4"},
				"south": {"uv": [5, 13, 11.5, 12], "texture": "#4"},
				"west": {"uv": [7, 12, 13, 13], "rotation": 180, "texture": "#4"},
				"up": {"uv": [9, 10, 12.5, 11], "texture": "#4"},
				"down": {"uv": [4, 12, 9.5, 13], "rotation": 180, "texture": "#4"}
			}
		},
		{
			"name": "Box1",
			"from": [6.25, 26, 6.25],
			"to": [9.75, 27, 9.75],
			"rotation": {"angle": 0, "axis": "y", "origin": [8, 12, 8]},
			"faces": {
				"north": {"uv": [2, 13, 8, 14], "rotation": 180, "texture": "#4"},
				"east": {"uv": [7, 13, 12.5, 14], "rotation": 180, "texture": "#4"},
				"south": {"uv": [5, 13, 11.5, 12], "texture": "#4"},
				"west": {"uv": [7, 12, 13, 13], "rotation": 180, "texture": "#4"},
				"up": {"uv": [9, 10, 12.5, 11], "texture": "#4"},
				"down": {"uv": [4, 12, 9.5, 13], "rotation": 180, "texture": "#4"}
			}
		},
		{
			"name": "Box1",
			"from": [6.25, 23, 6.25],
			"to": [9.75, 24, 9.75],
			"rotation": {"angle": 0, "axis": "y", "origin": [8, 12, 8]},
			"faces": {
				"north": {"uv": [2, 13, 8, 14], "rotation": 180, "texture": "#4"},
				"east": {"uv": [7, 13, 12.5, 14], "rotation": 180, "texture": "#4"},
				"south": {"uv": [5, 13, 11.5, 12], "texture": "#4"},
				"west": {"uv": [7, 12, 13, 13], "rotation": 180, "texture": "#4"},
				"up": {"uv": [9, 10, 12.5, 11], "texture": "#4"},
				"down": {"uv": [4, 12, 9.5, 13], "rotation": 180, "texture": "#4"}
			}
		},
		{
			"name": "Box1",
			"from": [6.25, 20, 6.25],
			"to": [9.75, 21, 9.75],
			"rotation": {"angle": 0, "axis": "y", "origin": [8, 12, 8]},
			"faces": {
				"north": {"uv": [2, 13, 8, 14], "rotation": 180, "texture": "#4"},
				"east": {"uv": [7, 13, 12.5, 14], "rotation": 180, "texture": "#4"},
				"south": {"uv": [5, 13, 11.5, 12], "texture": "#4"},
				"west": {"uv": [7, 12, 13, 13], "rotation": 180, "texture": "#4"},
				"up": {"uv": [9, 10, 12.5, 11], "texture": "#4"},
				"down": {"uv": [4, 12, 9.5, 13], "rotation": 180, "texture": "#4"}
			}
		},
		{
			"name": "Box1",
			"from": [6.25, 14, 6.25],
			"to": [9.75, 15, 9.75],
			"rotation": {"angle": 0, "axis": "y", "origin": [8, 12, 8]},
			"faces": {
				"north": {"uv": [2, 13, 8, 14], "rotation": 180, "texture": "#4"},
				"east": {"uv": [7, 13, 12.5, 14], "rotation": 180, "texture": "#4"},
				"south": {"uv": [5, 13, 11.5, 12], "texture": "#4"},
				"west": {"uv": [7, 12, 13, 13], "rotation": 180, "texture": "#4"},
				"up": {"uv": [9, 10, 12.5, 11], "texture": "#4"},
				"down": {"uv": [4, 12, 9.5, 13], "rotation": 180, "texture": "#4"}
			}
		},
		{
			"name": "grip_tip",
			"from": [6.25, 28, 6.25],
			"to": [9.75, 31, 9.75],
			"rotation": {"angle": 0, "axis": "y", "origin": [8, 12, 8]},
			"faces": {
				"north": {"uv": [2, 4, 14, 16], "rotation": 180, "texture": "#5"},
				"east": {"uv": [2, 4, 14, 16], "rotation": 180, "texture": "#5"},
				"south": {"uv": [2, 0, 14, 12], "texture": "#5"},
				"west": {"uv": [2, 4, 14, 16], "rotation": 180, "texture": "#5"},
				"up": {"uv": [0, 0, 16, 16], "texture": "#5"},
				"down": {"uv": [0, 0, 8, 5], "rotation": 180, "texture": "#5"}
			}
		},
		{
			"name": "grip_end",
			"from": [5.5, 0.125, 5.5],
			"to": [10.5, 11.125, 10.5],
			"rotation": {"angle": 0, "axis": "y", "origin": [8, 12, 8]},
			"faces": {
				"north": {"uv": [1, 1, 4, 3.75], "rotation": 180, "texture": "#3"},
				"east": {"uv": [0, 0, 1.5, 1.5], "rotation": 90, "texture": "#3"},
				"south": {"uv": [0, 0, 3, 2.75], "texture": "#3"},
				"west": {"uv": [0, 0, 2.75, 3], "rotation": 270, "texture": "#3"},
				"up": {"uv": [1, 1, 4, 4], "texture": "#3"},
				"down": {"uv": [2, 2, 5, 5], "rotation": 180, "texture": "#3"}
			}
		},
		{
			"name": "grip",
			"from": [6.5, 10.5, 6.5],
			"to": [9.5, 29, 9.5],
			"rotation": {"angle": 0, "axis": "y", "origin": [8, 12, 8]},
			"faces": {
				"north": {"uv": [0, 8, 3, 15], "rotation": 180, "texture": "#0"},
				"east": {"uv": [10, 8, 13, 15], "rotation": 180, "texture": "#0"},
				"south": {"uv": [0, 15, 3, 8], "texture": "#0"},
				"west": {"uv": [5, 8, 8, 15], "rotation": 180, "texture": "#0"},
				"up": {"uv": [13, 8, 16, 15], "texture": "#0"},
				"down": {"uv": [0, 8, 2.5, 15], "rotation": 180, "texture": "#0"}
			}
		},
		{
			"name": "hammer_ends",
			"from": [-2, 1.5, 4],
			"to": [18, 9.5, 12],
			"rotation": {"angle": 0, "axis": "y", "origin": [8, 12, 8]},
			"faces": {
				"north": {"uv": [0, 9, 16, 16], "rotation": 180, "texture": "#3"},
				"east": {"uv": [0, 0, 16, 16], "rotation": 180, "texture": "#5"},
				"south": {"uv": [0, 0, 16, 7], "texture": "#3"},
				"west": {"uv": [0, 0, 16, 16], "rotation": 180, "texture": "#5"},
				"up": {"uv": [0, 5, 16, 12], "texture": "#3"},
				"down": {"uv": [0, 4, 16, 11], "rotation": 180, "texture": "#3"}
			}
		}
	],
	"gui_light": "front",
	"display": {
		"thirdperson_righthand": {
			"rotation": [-180, 90, 0],
			"translation": [0, 4, 1.5],
			"scale": [0.5, 0.5, 0.5]
		},
		"thirdperson_lefthand": {
			"rotation": [-180, 90, 0],
			"translation": [0, 4, 1.5],
			"scale": [0.5, 0.5, 0.5]
		},
		"firstperson_righthand": {
			"rotation": [-180, 90, 0],
			"scale": [0.5, 0.5, 0.5]
		},
		"firstperson_lefthand": {
			"rotation": [-180, 90, 0],
			"scale": [0.5, 0.5, 0.5]
		},
		"ground": {
			"translation": [0, 1, 0],
			"scale": [0.5, 0.5, 0.5]
		},
		"gui": {
			"rotation": [-180, 0, 0],
			"translation": [0, 3.5, 0],
			"scale": [0.45, 0.45, 0.45]
		},
		"head": {
			"rotation": [0, 0, 30],
			"translation": [1.25, 11.25, 0],
			"scale": [0.75, 0.75, 0.75]
		},
		"fixed": {
			"rotation": [-180, 0, 0],
			"translation": [0, 4.5, 0],
			"scale": [0.6, 0.6, 0.6]
		}
	},
	"groups": [
		{
			"name": "everything",
			"origin": [8, 8, 8],
			"children": [0,
				{
					"name": "grip_strips",
					"origin": [8, 8, 8],
					"children": [1, 2, 3, 4, 5]
				}, 6, 7, 8, 9]
		}
	]
}