{
    "parent": "block/warped_button_inventory",
	

    "overrides":[
	{"predicate":{"custom_model_data":0},"model":"item/warped_button0"},
	{"predicate":{"custom_model_data":1},"model":"block/lokihelmet_model"},
	{"predicate":{"custom_model_data":2},"model":"block/lokihelmet_model_withhead"},
	{"predicate":{"custom_model_data":3},"model":"block/loki_model"},
	{"predicate":{"custom_model_data":4},"model":"block/lokileftarm"},
	{"predicate":{"custom_model_data":5},"model":"block/lokirightarm"},
	{"predicate":{"custom_model_data":6},"model":"block/loki_trunk_model"},
	{"predicate":{"custom_model_data":24},"model":"item/warped_button0"}
    ]
}