{
    "parent": "minecraft:item/handheld_rod",
    "textures": {
    "layer0": "minecraft:item/warped_fungus_on_a_stick"
		},
    "overrides":[
	{"predicate":{"custom_model_data":0},"model":"item/warped_fungus_on_a_stick0"},
	{"predicate":{"custom_model_data":1},"model":"item/sceptera"},
	{"predicate":{"custom_model_data":2},"model":"item/mjolnir"},
	{"predicate":{"custom_model_data":3},"model":"block/lokihelmet_model"},
	{"predicate":{"custom_model_data":4},"model":"block/lokihelmet_model_withhead"},
	{"predicate":{"custom_model_data":5},"model":"block/loki_model"},
	{"predicate":{"custom_model_data":6},"model":"block/lokileftarm"},
	{"predicate":{"custom_model_data":7},"model":"block/lokirightarm"},
	{"predicate":{"custom_model_data":8},"model":"block/loki_trunk_model"},
	{"predicate":{"custom_model_data":9},"model":"block/thorhelmet_model"},
	{"predicate":{"custom_model_data":10},"model":"item/warped_fungus_on_a_stick0"}
    ]
}