{
    "gui_light": "side",
    "display": {
        "gui": {
            "rotation": [ 30, 45, 0 ],
            "translation": [ 0, 1, 0 ],
            "scale":[ 0.3, 0.3, 0.3 ]
        },
        "ground": {
            "rotation": [ 0, 0, 0 ],
            "translation": [ 0, 17, 0 ],
            "scale":[ 1, 1, 1 ]
        },
	"head": {
            "rotation": [ 0, 180, 0 ],
            "translation": [ 0, 0, 0 ],
            "scale":[ 1, 1, 1 ]
        },
        "fixed": {
            "rotation": [ 0, 180, 0 ],
            "translation": [ 0, 2, 0],
            "scale":[ 0.4, 0.4, 0.4 ]
        },
        "thirdperson_righthand": {
            "rotation": [ 75, 180, 0 ],
            "translation": [ 0, 2.5, 0 ],
            "scale": [ 0.1, 0.1, 0.1 ]
        },
	"thirdperson_lefthand": {
            "rotation": [ 75, 180, 0 ],
            "translation": [ 0, 2.5, 0 ],
            "scale": [ 0.1, 0.1, 0.1 ]
        },
        "firstperson_righthand": {
            "rotation": [ 0, 180, 0 ],
            "translation": [ 0, 0, 0 ],
            "scale": [ 0.40, 0.40, 0.40 ]
        },
        "firstperson_lefthand": {
            "rotation": [ 0, 180, 0 ],
            "translation": [ 0, 0, 0 ],
            "scale": [ 0.40, 0.40, 0.40 ]
        }
    }
}
