{
	"credit": "Made with Blockbench",
	"parent": "block/block_arm",
	"textures": {
		"8": "entity/me",
		"particle": "block/gold_color3"
	},
	"elements": [
		{
			"from": [6, 0, 6],
			"to": [10, 12, 10],
			"rotation": {"angle": 0, "axis": "y", "origin": [14, 0, 8]},
			"faces": {
				"north": {"uv": [11, 13, 12, 16], "texture": "#8"},
				"east": {"uv": [10, 13, 11, 16], "texture": "#8"},
				"south": {"uv": [9, 13, 10, 16], "texture": "#8"},
				"west": {"uv": [8, 13, 9, 16], "texture": "#8"},
				"up": {"uv": [11, 4, 12, 5], "texture": "#8"},
				"down": {"uv": [12, 4, 13, 5], "rotation": 180, "texture": "#8"}
			}
		}
	],
	"display": {
		"thirdperson_lefthand": {
			"rotation": [90, -180, 0],
			"translation": [0, -2, 8],
			"scale":[ 1.01, 1.01, 1.01 ]
		}
	},
	"groups": [
		{
			"name": "group",
			"origin": [8, 8, 8],
			"children": [0]
		}
	]
}