{
	"credit": "Made with Blockbench",
	"parent": "block/block_arm",
	"textures": {
		"8": "entity/me",
		"particle": "block/gold_color3"
	},
	"elements": [
		{
			"from": [6, 0, 6],
			"to": [10, 12, 10],
			"rotation": {"angle": 0, "axis": "y", "origin": [2, 0, 8]},
			"faces": {
				"north": {"uv": [13, 5, 14, 8], "texture": "#8"},
				"east": {"uv": [12, 5, 13, 8], "texture": "#8"},
				"south": {"uv": [11, 5, 12, 8], "texture": "#8"},
				"west": {"uv": [10, 5, 11, 8], "texture": "#8"},
				"up": {"uv": [9, 12, 10, 13], "texture": "#8"},
				"down": {"uv": [10, 12, 11, 13], "rotation": 180, "texture": "#8"}
			}
		}
	],
	"display": {
		"thirdperson_righthand": {
			"rotation": [90, -180, 0],
			"translation": [0, -2, 8],
			"scale":[ 1.01, 1.01, 1.01 ]
		},
		"head": {
			"rotation": [0, -180, 0],
			"scale": [1.51, 1.49, 1.65]
		}
	},
	"groups": [
		{
			"name": "group",
			"origin": [8, 8, 8],
			"children": [0]
		}
	]
}