{
	"credit": "Made with Blockbench",
	"parent": "block/block",
	"textures": {
		"8": "entity/me",
		"particle": "block/gold_color3"
	},
	"elements": [
		{
			"from": [4, -16, 6],
			"to": [8, -4, 10],
			"rotation": {"angle": 0, "axis": "y", "origin": [2, 2, 8]},
			"faces": {
				"north": {"uv": [3, 5, 4, 8], "texture": "#8"},
				"east": {"uv": [2, 5, 3, 8], "texture": "#8"},
				"south": {"uv": [1, 5, 2, 8], "texture": "#8"},
				"west": {"uv": [0, 5, 1, 8], "texture": "#8"},
				"up": {"uv": [1, 4, 2, 5], "texture": "#8"},
				"down": {"uv": [2, 4, 3, 5], "rotation": 180, "texture": "#8"}
			}
		},
		{
			"from": [8, -16, 6],
			"to": [12, -4, 10],
			"rotation": {"angle": 0, "axis": "y", "origin": [2, 2, 8]},
			"faces": {
				"north": {"uv": [7, 13, 8, 16], "texture": "#8"},
				"east": {"uv": [6, 13, 7, 16], "texture": "#8"},
				"south": {"uv": [5, 13, 6, 16], "texture": "#8"},
				"west": {"uv": [4, 13, 5, 16], "texture": "#8"},
				"up": {"uv": [5, 12, 6, 13], "texture": "#8"},
				"down": {"uv": [6, 12, 7, 13], "rotation": 180, "texture": "#8"}
			}
		},
		{
			"from": [4, -4, 6],
			"to": [12, 8, 10],
			"faces": {
				"north": {"uv": [8, 5, 10, 8], "texture": "#8"},
				"east": {"uv": [7, 5, 7.75, 8], "texture": "#8"},
				"south": {"uv": [5, 5, 7, 8], "texture": "#8"},
				"west": {"uv": [4, 5, 5, 8], "texture": "#8"},
				"up": {"uv": [5, 4, 7, 5], "rotation": 180, "texture": "#8"},
				"down": {"uv": [7, 4, 9, 5], "texture": "#8"}
			}
		}
	],
	"display": {
		"thirdperson_righthand": {
			"rotation": [0, -180, 0],
			"scale": [0.3, 0.3, 0.3]
		},
		"thirdperson_lefthand": {
			"rotation": [0, -180, 0],
			"scale": [0.3, 0.3, 0.3]
		},
		"firstperson_righthand": {
			"rotation": [0, -180, 0],
			"scale": [0.3, 0.3, 0.3]
		},
		"firstperson_lefthand": {
			"rotation": [0, -180, 0],
			"scale": [0.3, 0.3, 0.3]
		},
		"ground": {
			"translation": [0, 18.5, 0]
		},
		"gui": {
			"rotation": [90, -180, 90],
			"translation": [1, 0, 0],
			"scale": [0.3, 0.3, 0.3]
		},
		"head": {
			"rotation": [0, -180, 0],
			"translation": [0, -4.8, 0],
			"scale": [1.6, 1.6, 1.6]
		},
		"fixed": {
			"rotation": [90, -180, -90],
			"translation": [-1, 0, 0],
			"scale": [0.3, 0.3, 0.3]
		}
	},
	"groups": [
		{
			"name": "group",
			"origin": [8, 8, 8],
			"children": [0, 1]
		}, 2]
}